{"cameraMode":{"drawMode":0,"name":"Shaded","section":"Shading Mode"},"sceneLighting":false,"audioPlay":false,"sceneViewState":{"showFog":true,"showMaterialUpdate":false,"showSkybox":false,"showFlares":true,"showImageEffects":true,"showParticleSystems":true},"in2DMode":false,"pivot":{"x":0.22451043128967286,"y":0.6776214838027954,"z":0.06064218282699585},"rotation":{"x":0.2951001822948456,"y":0.027797089889645578,"z":0.008589869365096093,"w":-0.9550256729125977},"size":1.474044919013977,"orthographic":false}