{"cameraMode":{"drawMode":0,"name":"Shaded","section":"Shading Mode"},"sceneLighting":true,"audioPlay":false,"sceneViewState":{"showFog":true,"showMaterialUpdate":false,"showSkybox":false,"showFlares":true,"showImageEffects":true,"showParticleSystems":true},"in2DMode":false,"pivot":{"x":-0.05000019073486328,"y":8.970001220703125,"z":0.029996871948242189},"rotation":{"x":0.16211846470832826,"y":0.7363672852516174,"z":-0.1898379623889923,"w":0.628844141960144},"size":38.410186767578128,"orthographic":false}