{"cameraMode":{"drawMode":0,"name":"Shaded","section":"Shading Mode"},"sceneLighting":false,"audioPlay":false,"sceneViewState":{"showFog":true,"showMaterialUpdate":false,"showSkybox":false,"showFlares":true,"showImageEffects":true,"showParticleSystems":true},"in2DMode":false,"pivot":{"x":4.5356292724609379,"y":5.3372297286987309,"z":-4.53570556640625},"rotation":{"x":-0.000210554848308675,"y":0.9969339370727539,"z":-0.07822966575622559,"w":-0.00269052991643548},"size":42.76067352294922,"orthographic":false}