{"cameraMode":{"drawMode":0,"name":"Shaded","section":"Shading Mode"},"sceneLighting":false,"audioPlay":false,"sceneViewState":{"showFog":true,"showMaterialUpdate":false,"showSkybox":false,"showFlares":true,"showImageEffects":true,"showParticleSystems":true},"in2DMode":false,"pivot":{"x":-0.000008106231689453125,"y":0.4638107419013977,"z":-0.00000286102294921875},"rotation":{"x":0.1291511356830597,"y":0.819294810295105,"z":-0.520311713218689,"w":0.20336401462554933},"size":3.515923023223877,"orthographic":false}