{"cameraMode":{"drawMode":0,"name":"Shaded","section":"Shading Mode"},"sceneLighting":false,"audioPlay":false,"sceneViewState":{"showFog":true,"showMaterialUpdate":false,"showSkybox":false,"showFlares":true,"showImageEffects":true,"showParticleSystems":true},"in2DMode":false,"pivot":{"x":0.0,"y":0.26451727747917178,"z":-7.499972820281982},"rotation":{"x":-0.000210554848308675,"y":0.9969339370727539,"z":-0.07822966575622559,"w":-0.00269052991643548},"size":14.77863597869873,"orthographic":false}