{"cameraMode":{"drawMode":0,"name":"Shaded","section":"Shading Mode"},"sceneLighting":false,"audioPlay":false,"sceneViewState":{"showFog":true,"showMaterialUpdate":false,"showSkybox":false,"showFlares":true,"showImageEffects":true,"showParticleSystems":true},"in2DMode":false,"pivot":{"x":0.2170122265815735,"y":0.5671389102935791,"z":-0.06051981449127197},"rotation":{"x":-0.000210554848308675,"y":0.9969339370727539,"z":-0.07822966575622559,"w":-0.00269052991643548},"size":1.6858795881271363,"orthographic":false}