{"cameraMode":{"drawMode":0,"name":"Shaded","section":"Shading Mode"},"sceneLighting":false,"audioPlay":false,"sceneViewState":{"showFog":true,"showMaterialUpdate":false,"showSkybox":false,"showFlares":true,"showImageEffects":true,"showParticleSystems":true},"in2DMode":false,"pivot":{"x":-1.1920928955078126e-7,"y":0.3653130531311035,"z":-2.9802322387695315e-8},"rotation":{"x":-0.000210554848308675,"y":0.9969339370727539,"z":-0.07822966575622559,"w":-0.00269052991643548},"size":0.5655868053436279,"orthographic":false}