{"cameraMode":{"drawMode":0,"name":"Shaded","section":"Shading Mode"},"sceneLighting":false,"audioPlay":false,"sceneViewState":{"showFog":true,"showMaterialUpdate":false,"showSkybox":false,"showFlares":true,"showImageEffects":true,"showParticleSystems":true},"in2DMode":false,"pivot":{"x":-1.757666826248169,"y":0.49999141693115237,"z":-0.6607382297515869},"rotation":{"x":0.1291511356830597,"y":0.819294810295105,"z":-0.520311713218689,"w":0.20336401462554933},"size":5.56854248046875,"orthographic":false}