{"cameraMode":{"drawMode":0,"name":"Shaded","section":"Shading Mode"},"sceneLighting":false,"audioPlay":false,"sceneViewState":{"showFog":true,"showMaterialUpdate":false,"showSkybox":false,"showFlares":true,"showImageEffects":true,"showParticleSystems":true},"in2DMode":false,"pivot":{"x":1.3368760347366334,"y":1.0323240756988526,"z":-1.0861327648162842},"rotation":{"x":-0.08866573870182038,"y":-0.024801282212138177,"z":0.0022087397519499065,"w":-0.9957526922225952},"size":4.849742412567139,"orthographic":false}