{"cameraMode":{"drawMode":0,"name":"Shaded","section":"Shading Mode"},"sceneLighting":false,"audioPlay":false,"sceneViewState":{"showFog":true,"showMaterialUpdate":false,"showSkybox":false,"showFlares":true,"showImageEffects":true,"showParticleSystems":true},"in2DMode":false,"pivot":{"x":-0.000001862645149230957,"y":1.5134618282318116,"z":-0.0000011622905731201172},"rotation":{"x":0.16211846470832826,"y":0.7363672852516174,"z":-0.1898379623889923,"w":0.628844141960144},"size":1.5919543504714966,"orthographic":false}