{"cameraMode":{"drawMode":0,"name":"Shaded","section":"Shading Mode"},"sceneLighting":false,"audioPlay":false,"sceneViewState":{"showFog":true,"showMaterialUpdate":false,"showSkybox":false,"showFlares":true,"showImageEffects":true,"showParticleSystems":true},"in2DMode":false,"pivot":{"x":0.05979543924331665,"y":1.6479476690292359,"z":0.18946713209152223},"rotation":{"x":0.2951001822948456,"y":0.027797089889645578,"z":0.008589869365096093,"w":-0.9550256729125977},"size":2.1354496479034426,"orthographic":false}