{"cameraMode":{"drawMode":0,"name":"Shaded","section":"Shading Mode"},"sceneLighting":false,"audioPlay":false,"sceneViewState":{"showFog":true,"showMaterialUpdate":false,"showSkybox":false,"showFlares":true,"showImageEffects":true,"showParticleSystems":true},"in2DMode":false,"pivot":{"x":1.6264032125473023,"y":10.718918800354004,"z":-0.7836418151855469},"rotation":{"x":0.006954149808734655,"y":0.9845444560050964,"z":-0.17033164203166963,"w":0.040192861109972},"size":21.21384048461914,"orthographic":false}