{"cameraMode":{"drawMode":0,"name":"Shaded","section":"Shading Mode"},"sceneLighting":true,"audioPlay":false,"sceneViewState":{"showFog":true,"showMaterialUpdate":false,"showSkybox":false,"showFlares":true,"showImageEffects":true,"showParticleSystems":true},"in2DMode":false,"pivot":{"x":3.3999996185302736,"y":8.97000503540039,"z":-0.0399932861328125},"rotation":{"x":0.16211846470832826,"y":0.7363672852516174,"z":-0.1898379623889923,"w":0.628844141960144},"size":36.37306594848633,"orthographic":false}