{"cameraMode":{"drawMode":0,"name":"Shaded","section":"Shading Mode"},"sceneLighting":false,"audioPlay":false,"sceneViewState":{"showFog":true,"showMaterialUpdate":false,"showSkybox":false,"showFlares":true,"showImageEffects":true,"showParticleSystems":true},"in2DMode":false,"pivot":{"x":-0.03999900817871094,"y":19.096717834472658,"z":0.0},"rotation":{"x":-0.000210554848308675,"y":0.9969339370727539,"z":-0.07822966575622559,"w":-0.00269052991643548},"size":33.895694732666019,"orthographic":false}