{"cameraMode":{"drawMode":0,"name":"Shaded","section":"Shading Mode"},"sceneLighting":true,"audioPlay":false,"sceneViewState":{"showFog":true,"showMaterialUpdate":false,"showSkybox":false,"showFlares":true,"showImageEffects":true,"showParticleSystems":true},"in2DMode":false,"pivot":{"x":-0.3934999108314514,"y":4.017467975616455,"z":2.144787073135376},"rotation":{"x":0.16211846470832826,"y":0.7363672852516174,"z":-0.1898379623889923,"w":0.628844141960144},"size":5.976016521453857,"orthographic":false}